<?xml version="1.0" encoding="UTF-8"?>
<!--
    This configuration file was written by the eclipse-cs plugin configuration editor
-->
<!--
    Checkstyle-Configuration: AnkiDroid CS
    Description: none
-->
<!DOCTYPE module PUBLIC "-//Puppy Crawl//DTD Check Configuration 1.2//EN" "http://www.puppycrawl.com/dtds/configuration_1_2.dtd">
<module name="Checker">
    <property name="severity" value="warning"/>
    <module name="TreeWalker">
        <module name="FileContentsHolder"/>
        <module name="JavadocStyle">
            <property name="scope" value="public"/>
        </module>
        <module name="ConstantName">
            <property name="format" value="^[A-Z][A-Z0-9]|[a-z][a-z0-9]*(_[A-Z0-9]|[a-z0-9]+)*$"/>
        </module>
        <module name="LocalFinalVariableName"/>
        <module name="LocalVariableName"/>
        <module name="MemberName">
            <metadata name="com.atlassw.tools.eclipse.checkstyle.comment" value="Non-public, non-static member names should have &quot;m&quot; as a prefix"/>
            <property name="applyToPublic" value="false"/>
            <property name="format" value="^m[a-zA-Z0-9]*$"/>
        </module>
        <module name="MethodName"/>
        <module name="PackageName">
            <property name="format" value="^[a-z]+(\.[a-z][a-z0-9]*)*$"/>
        </module>
        <module name="ParameterName">
            <metadata name="com.atlassw.tools.eclipse.checkstyle.comment" value="Either a normal name (w/o underscores) or an all uppercase acronym (rarely used)"/>
            <property name="format" value="^([a-z][a-zA-Z0-9]*|[A-Z]+)$"/>
        </module>
        <module name="StaticVariableName">
            <property name="format" value="^s[a-zA-Z0-9]*$"/>
        </module>
        <module name="TypeName"/>
        <module name="AvoidStarImport"/>
        <module name="ImportOrder">
            <property name="groups" value="android, com, junit, net, org, java, javax"/>
            <property name="separated" value="true"/>
        </module>
        <module name="RedundantImport"/>
        <module name="UnusedImports"/>
        <module name="ModifierOrder"/>
        <module name="RedundantModifier"/>
        <module name="DefaultComesLast"/>
        <module name="DeclarationOrder"/>
        <module name="DoubleCheckedLocking">
            <property name="severity" value="error"/>
        </module>
        <module name="EmptyStatement"/>
        <module name="HiddenField"/>
        <module name="MissingSwitchDefault">
            <metadata name="com.atlassw.tools.eclipse.checkstyle.lastEnabledSeverity" value="error"/>
            <property name="severity" value="ignore"/>
        </module>
        <module name="PackageDeclaration">
            <property name="severity" value="error"/>
        </module>
        <module name="ParameterAssignment">
            <property name="severity" value="info"/>
        </module>
        <module name="RedundantThrows"/>
        <module name="SimplifyBooleanExpression">
            <property name="severity" value="info"/>
        </module>
        <module name="SimplifyBooleanReturn">
            <property name="severity" value="info"/>
        </module>
        <module name="StringLiteralEquality">
            <property name="severity" value="error"/>
        </module>
        <module name="SuperClone">
            <property name="severity" value="info"/>
        </module>
        <module name="HideUtilityClassConstructor"/>
        <module name="ArrayTypeStyle"/>
        <module name="UpperEll"/>
        <module name="JavadocType">
            <property name="excludeScope" value="private"/>
            <property name="scope" value="public"/>
        </module>
        <module name="GenericIllegalRegexp">
            <metadata name="com.atlassw.tools.eclipse.checkstyle.comment" value="Line has trailing spaces."/>
            <property name="format" value="\s+$"/>
            <property name="message" value="Line has trailing spaces."/>
        </module>
        <module name="LineLength">
            <property name="max" value="120"/>
        </module>
        <module name="LeftCurly">
            <property name="maxLineLength" value="120"/>
        </module>
        <module name="JavadocMethod">
            <property name="scope" value="public"/>
            <property name="logLoadErrors" value="true"/>
            <property name="suppressLoadErrors" value="true"/>
        </module>
        <module name="MemberName">
            <metadata name="com.atlassw.tools.eclipse.checkstyle.comment" value="Normal naming for public and package."/>
            <property name="applyToProtected" value="false"/>
            <property name="applyToPrivate" value="false"/>
        </module>
        <module name="WhitespaceAfter">
            <property name="tokens" value="COMMA,TYPECAST"/>
        </module>
        <module name="WhitespaceAround">
            <property name="tokens" value="ASSIGN,BAND,BAND_ASSIGN,BOR,BOR_ASSIGN,BSR,BSR_ASSIGN,BXOR,BXOR_ASSIGN,COLON,DIV,DIV_ASSIGN,EQUAL,GE,GT,LAND,LCURLY,LE,LITERAL_ASSERT,LITERAL_CATCH,LITERAL_DO,LITERAL_ELSE,LITERAL_FINALLY,LITERAL_FOR,LITERAL_IF,LITERAL_RETURN,LITERAL_SYNCHRONIZED,LITERAL_TRY,LITERAL_WHILE,LOR,LT,MINUS,MINUS_ASSIGN,MOD,MOD_ASSIGN,NOT_EQUAL,PLUS,PLUS_ASSIGN,RCURLY,SL,SLIST,SL_ASSIGN,SR,SR_ASSIGN,STAR,STAR_ASSIGN,LITERAL_ASSERT,TYPE_EXTENSION_AND"/>
        </module>
        <module name="NeedBraces"/>
        <module name="RightCurly"/>
        <module name="FallThrough"/>
        <module name="InnerAssignment"/>
        <module name="MagicNumber">
            <property name="ignoreNumbers" value="-1, 0, 1"/>
        </module>
        <module name="MultipleVariableDeclarations"/>
        <module name="VisibilityModifier"/>
        <module name="TabCharacter"/>
    </module>
    <module name="PackageHtml"/>
    <module name="NewlineAtEndOfFile">
        <property name="lineSeparator" value="lf"/>
    </module>
    <module name="SuppressionCommentFilter">
        <metadata name="com.atlassw.tools.eclipse.checkstyle.comment" value="Enables ignoring checkstyle errors in sepecific blocks"/>
    </module>
</module>
