<?xml version="1.0" encoding="UTF-8"?>
<lint>
    <issue id="OldTargetApi" severity="ignore" />
    <issue id="InvalidPackage" severity="ignore" />
    <issue id="UnusedAttribute" severity="ignore" />
    <issue id="GradleDependency" severity="ignore" />
    <issue id="UnusedResources" severity="ignore" />
    <issue id="IconColors" severity="ignore" />
    <issue id="IconDipSize" severity="ignore" />
    <issue id="IconDuplicatesConfig" severity="ignore" />
    <issue id="IconLocation" severity="ignore" />
    <issue id="IconDensities" severity="ignore" />
    <issue id="ClickableViewAccessibility" severity="ignore" />
    <issue id="BackButton" severity="ignore" />
    <issue id="UselessParent" severity="ignore" />


</lint>